customer_id,first_name,last_name,email,phone,active,address,city,country
1,MARY,SMITH,MARY.SMITH@sakilacustomer.org,28303384290,1,1913 Hanoi Way,Sasebo,Japan
2,PATRICIA,JOHNSON,PATRICIA.JOHNSON@sakilacustomer.org,8.39E+11,1,1121 Loja Avenue,San Bernardino,United States
3,LINDA,WILLIAMS,LINDA.WILLIAMS@sakilacustomer.org,4.48E+11,1,692 Joliet Street,Athenai,Greece
4,BARBARA,JONES,BARBARA.JONES@sakilacustomer.org,7.06E+11,1,1566 Inegl Manor,Myingyan,Myanmar
5,ELIZABETH,BROWN,ELIZABETH.BROWN@sakilacustomer.org,10655648674,1,53 Idfu Parkway,Nantou,Taiwan
6,JENNIFER,DAVIS,JENNIFER.DAVIS@sakilacustomer.org,8.60E+11,1,1795 Santiago de Compostela Way,Laredo,United States
7,MARIA,MILLER,MARIA.MILLER@sakilacustomer.org,7.17E+11,1,900 Santiago de Compostela Parkway,Kragujevac,Yugoslavia
8,SUSAN,WILSON,SUSAN.WILSON@sakilacustomer.org,6.57E+11,1,478 Joliet Way,Hamilton,New Zealand
9,MARGARET,MOORE,MARGARET.MOORE@sakilacustomer.org,3.81E+11,1,613 Korolev Drive,Masqat,Oman
10,DOROTHY,TAYLOR,DOROTHY.TAYLOR@sakilacustomer.org,6.49E+11,1,1531 Sal Drive,Esfahan,Iran
11,LISA,ANDERSON,LISA.ANDERSON@sakilacustomer.org,6.35E+11,1,1542 Tarlac Parkway,Sagamihara,Japan
12,NANCY,THOMAS,NANCY.THOMAS@sakilacustomer.org,4.66E+11,1,808 Bhopal Manor,Yamuna Nagar,India
13,KAREN,JACKSON,KAREN.JACKSON@sakilacustomer.org,6.95E+11,1,270 Amroha Parkway,Osmaniye,Turkey
14,BETTY,WHITE,BETTY.WHITE@sakilacustomer.org,5.17E+11,1,770 Bydgoszcz Avenue,Citrus Heights,United States
15,HELEN,HARRIS,HELEN.HARRIS@sakilacustomer.org,9.91E+11,1,419 Iligan Lane,Bhopal,India
16,SANDRA,MARTIN,SANDRA.MARTIN@sakilacustomer.org,9.49E+11,0,360 Toulouse Parkway,Southend-on-Sea,United Kingdom
17,DONNA,THOMPSON,DONNA.THOMPSON@sakilacustomer.org,4.08E+11,1,270 Toulon Boulevard,Elista,Russian Federation
18,CAROL,GARCIA,CAROL.GARCIA@sakilacustomer.org,7.48E+11,1,320 Brest Avenue,Kaduna,Nigeria
19,RUTH,MARTINEZ,RUTH.MARTINEZ@sakilacustomer.org,2.73E+11,1,1417 Lancaster Avenue,Kimberley,South Africa
20,SHARON,ROBINSON,SHARON.ROBINSON@sakilacustomer.org,1.44E+11,1,1688 Okara Way,Mardan,Pakistan
21,MICHELLE,CLARK,MICHELLE.CLARK@sakilacustomer.org,8.93E+11,1,262 A Corua (La Corua) Parkway,Tangail,Bangladesh
22,LAURA,RODRIGUEZ,LAURA.RODRIGUEZ@sakilacustomer.org,1.62E+11,1,28 Charlotte Amalie Street,Sal,Morocco
23,SARAH,LEWIS,SARAH.LEWIS@sakilacustomer.org,9.03E+11,1,1780 Hino Boulevard,Liepaja,Latvia
24,KIMBERLY,LEE,KIMBERLY.LEE@sakilacustomer.org,9.35E+11,1,96 Tafuna Way,Crdoba,Argentina
25,DEBORAH,WALKER,DEBORAH.WALKER@sakilacustomer.org,1.96E+11,1,934 San Felipe de Puerto Plata Street,Shikarpur,Pakistan
26,JESSICA,HALL,JESSICA.HALL@sakilacustomer.org,9.98E+11,1,18 Duisburg Boulevard,Citt del Vaticano,Holy See (Vatican City State)
27,SHIRLEY,ALLEN,SHIRLEY.ALLEN@sakilacustomer.org,6.65E+11,1,217 Botshabelo Place,Davao,Philippines
28,CYNTHIA,YOUNG,CYNTHIA.YOUNG@sakilacustomer.org,6.78E+11,1,1425 Shikarpur Manor,Munger (Monghyr),India
29,ANGELA,HERNANDEZ,ANGELA.HERNANDEZ@sakilacustomer.org,18461860151,1,786 Aurora Avenue,Shimonoseki,Japan
30,MELISSA,KING,MELISSA.KING@sakilacustomer.org,5.25E+11,1,1668 Anpolis Street,Lungtan,Taiwan
31,BRENDA,WRIGHT,BRENDA.WRIGHT@sakilacustomer.org,7.46E+11,1,33 Gorontalo Way,Kamarhati,India
32,AMY,LOPEZ,AMY.LOPEZ@sakilacustomer.org,6.28E+11,1,176 Mandaluyong Place,Jhansi,India
33,ANNA,HILL,ANNA.HILL@sakilacustomer.org,9.12E+11,1,127 Purnea (Purnia) Manor,Alessandria,Italy
34,REBECCA,SCOTT,REBECCA.SCOTT@sakilacustomer.org,7.08E+11,1,61 Tama Street,Kurashiki,Japan
35,VIRGINIA,GREEN,VIRGINIA.GREEN@sakilacustomer.org,4.41E+11,1,391 Callao Drive,Toulouse,France
36,KATHLEEN,ADAMS,KATHLEEN.ADAMS@sakilacustomer.org,4.81E+11,1,334 Munger (Monghyr) Lane,Arak,Iran
37,PAMELA,BAKER,PAMELA.BAKER@sakilacustomer.org,9.12E+11,1,1440 Fukuyama Loop,Nanyang,China
38,MARTHA,GONZALEZ,MARTHA.GONZALEZ@sakilacustomer.org,4.90E+11,1,269 Cam Ranh Parkway,Chisinau,Moldova
39,DEBRA,NELSON,DEBRA.NELSON@sakilacustomer.org,3.78E+11,1,306 Antofagasta Place,Vila Velha,Brazil
40,AMANDA,CARTER,AMANDA.CARTER@sakilacustomer.org,6.81E+11,1,671 Graz Street,Nador,Morocco
41,STEPHANIE,MITCHELL,STEPHANIE.MITCHELL@sakilacustomer.org,42384721397,1,42 Brindisi Place,Yerevan,Armenia
42,CAROLYN,PEREZ,CAROLYN.PEREZ@sakilacustomer.org,4.72E+11,1,1632 Bislig Avenue,Pak Kret,Thailand
43,CHRISTINE,ROBERTS,CHRISTINE.ROBERTS@sakilacustomer.org,5.40E+11,1,1447 Imus Way,Faaa,French Polynesia
44,MARIE,TURNER,MARIE.TURNER@sakilacustomer.org,1.78E+11,1,1998 Halifax Drive,Lipetsk,Russian Federation
45,JANET,PHILLIPS,JANET.PHILLIPS@sakilacustomer.org,6.75E+11,1,1718 Valencia Street,Antofagasta,Chile
46,CATHERINE,CAMPBELL,CATHERINE.CAMPBELL@sakilacustomer.org,2.62E+11,1,46 Pjatigorsk Lane,Moscow,Russian Federation
47,FRANCES,PARKER,FRANCES.PARKER@sakilacustomer.org,69493378813,1,686 Garland Manor,Juazeiro do Norte,Brazil
48,ANN,EVANS,ANN.EVANS@sakilacustomer.org,7.06E+11,1,909 Garland Manor,Niznekamsk,Russian Federation
49,JOYCE,EDWARDS,JOYCE.EDWARDS@sakilacustomer.org,8.76E+11,1,725 Isesaki Place,Jedda,Saudi Arabia
50,DIANE,COLLINS,DIANE.COLLINS@sakilacustomer.org,3.08E+11,1,115 Hidalgo Parkway,Omdurman,Sudan
51,ALICE,STEWART,ALICE.STEWART@sakilacustomer.org,1.72E+11,1,1135 Izumisano Parkway,Fontana,United States
52,JULIE,SANCHEZ,JULIE.SANCHEZ@sakilacustomer.org,6.80E+11,1,939 Probolinggo Loop,A Corua (La Corua),Spain
53,HEATHER,MORRIS,HEATHER.MORRIS@sakilacustomer.org,6.98E+11,1,17 Kabul Boulevard,Nagareyama,Japan
54,TERESA,ROGERS,TERESA.ROGERS@sakilacustomer.org,9.21E+11,1,1964 Allappuzha (Alleppey) Street,Iwakuni,Japan
55,DORIS,REED,DORIS.REED@sakilacustomer.org,4.99E+11,1,1697 Kowloon and New Kowloon Loop,Balaiha,Russian Federation
56,GLORIA,COOK,GLORIA.COOK@sakilacustomer.org,3.47E+11,1,1668 Saint Louis Place,Papeete,French Polynesia
57,EVELYN,MORGAN,EVELYN.MORGAN@sakilacustomer.org,8.89E+11,1,943 Tokat Street,Vaduz,Liechtenstein
58,JEAN,BELL,JEAN.BELL@sakilacustomer.org,2.13E+11,1,1114 Liepaja Street,Kuching,Malaysia
59,CHERYL,MURPHY,CHERYL.MURPHY@sakilacustomer.org,8.00E+11,1,1213 Ranchi Parkway,Mysore,India
60,MILDRED,BAILEY,MILDRED.BAILEY@sakilacustomer.org,2.51E+11,1,81 Hodeida Way,Jaipur,India
61,KATHERINE,RIVERA,KATHERINE.RIVERA@sakilacustomer.org,1395251317,1,915 Ponce Place,Basel,Switzerland
62,JOAN,COOPER,JOAN.COOPER@sakilacustomer.org,9.14E+11,1,1717 Guadalajara Lane,Saint Louis,United States
63,ASHLEY,RICHARDSON,ASHLEY.RICHARDSON@sakilacustomer.org,4.91E+11,1,1214 Hanoi Way,Lincoln,United States
64,JUDITH,COX,JUDITH.COX@sakilacustomer.org,3.33E+11,0,1966 Amroha Avenue,Daxian,China
65,ROSE,HOWARD,ROSE.HOWARD@sakilacustomer.org,4.10E+11,1,698 Otsu Street,Cayenne,French Guiana
66,JANICE,WARD,JANICE.WARD@sakilacustomer.org,6.63E+11,1,1150 Kimchon Manor,Malm,Sweden
67,KELLY,TORRES,KELLY.TORRES@sakilacustomer.org,9.47E+11,1,1586 Guaruj Place,Xiangtan,China
68,NICOLE,PETERSON,NICOLE.PETERSON@sakilacustomer.org,9.90E+11,1,57 Arlington Manor,Shivapuri,India
69,JUDY,GRAY,JUDY.GRAY@sakilacustomer.org,1.07E+11,1,1031 Daugavpils Parkway,Bchar,Algeria
70,CHRISTINA,RAMIREZ,CHRISTINA.RAMIREZ@sakilacustomer.org,4.08E+11,1,1124 Buenaventura Drive,al-Hawiya,Saudi Arabia
71,KATHY,JAMES,KATHY.JAMES@sakilacustomer.org,5.65E+11,1,492 Cam Ranh Street,Baybay,Philippines
72,THERESA,WATSON,THERESA.WATSON@sakilacustomer.org,2.56E+11,1,89 Allappuzha (Alleppey) Manor,Taguig,Philippines
73,BEVERLY,BROOKS,BEVERLY.BROOKS@sakilacustomer.org,4.27E+11,1,1947 Poos de Caldas Boulevard,Chiayi,Taiwan
74,DENISE,KELLY,DENISE.KELLY@sakilacustomer.org,2.42E+11,1,1206 Dos Quebradas Place,Rio Claro,Brazil
75,TAMMY,SANDERS,TAMMY.SANDERS@sakilacustomer.org,2.51E+11,1,1551 Rampur Lane,Changhwa,Taiwan
76,IRENE,PRICE,IRENE.PRICE@sakilacustomer.org,8.96E+11,1,602 Paarl Street,Pavlodar,Kazakstan
77,JANE,BENNETT,JANE.BENNETT@sakilacustomer.org,9.19E+11,1,1692 Ede Loop,Araatuba,Brazil
78,LORI,WOOD,LORI.WOOD@sakilacustomer.org,8.76E+11,1,936 Salzburg Lane,Rae Bareli,India
79,RACHEL,BARNES,RACHEL.BARNES@sakilacustomer.org,18581624103,1,586 Tete Way,Kamakura,Japan
80,MARILYN,ROSS,MARILYN.ROSS@sakilacustomer.org,7.01E+11,1,1888 Kabul Drive,Ife,Nigeria
81,ANDREA,HENDERSON,ANDREA.HENDERSON@sakilacustomer.org,2.24E+11,1,320 Baiyin Parkway,Mahajanga,Madagascar
82,KATHRYN,COLEMAN,KATHRYN.COLEMAN@sakilacustomer.org,8.22E+11,1,927 Baha Blanca Parkway,Simferopol,Ukraine
83,LOUISE,JENKINS,LOUISE.JENKINS@sakilacustomer.org,8.01E+11,1,929 Tallahassee Loop,Springs,South Africa
84,SARA,PERRY,SARA.PERRY@sakilacustomer.org,48417642933,1,125 Citt del Vaticano Boulevard,Atlixco,Mexico
85,ANNE,POWELL,ANNE.POWELL@sakilacustomer.org,7.21E+11,1,1557 Ktahya Boulevard,Bradford,United Kingdom
86,JACQUELINE,LONG,JACQUELINE.LONG@sakilacustomer.org,1.35E+11,1,870 Ashqelon Loop,Songkhla,Thailand
87,WANDA,PATTERSON,WANDA.PATTERSON@sakilacustomer.org,1.98E+11,1,1740 Portoviejo Avenue,Sincelejo,Colombia
88,BONNIE,HUGHES,BONNIE.HUGHES@sakilacustomer.org,9.79E+11,1,1942 Ciparay Parkway,Cheju,South Korea
89,JULIA,FLORES,JULIA.FLORES@sakilacustomer.org,8.46E+11,1,1926 El Alto Avenue,La Plata,Argentina
90,RUBY,WASHINGTON,RUBY.WASHINGTON@sakilacustomer.org,9.92E+11,1,1952 Chatsworth Drive,Meixian,China
91,LOIS,BUTLER,LOIS.BUTLER@sakilacustomer.org,3.46E+11,1,1370 Le Mans Avenue,Bandar Seri Begawan,Brunei
92,TINA,SIMMONS,TINA.SIMMONS@sakilacustomer.org,1.33E+11,1,984 Effon-Alaiye Avenue,Goinia,Brazil
93,PHYLLIS,FOSTER,PHYLLIS.FOSTER@sakilacustomer.org,2.76E+11,1,832 Nakhon Sawan Manor,Zalantun,China
94,NORMA,GONZALES,NORMA.GONZALES@sakilacustomer.org,8.35E+11,1,152 Kitwe Parkway,Bislig,Philippines
95,PAULA,BRYANT,PAULA.BRYANT@sakilacustomer.org,4764773857,1,1697 Tanauan Lane,Pathankot,India
96,DIANA,ALEXANDER,DIANA.ALEXANDER@sakilacustomer.org,6171054059,1,1308 Arecibo Way,Augusta-Richmond County,United States
97,ANNIE,RUSSELL,ANNIE.RUSSELL@sakilacustomer.org,8.17E+11,1,1599 Plock Drive,Tete,Mozambique
98,LILLIAN,GRIFFIN,LILLIAN.GRIFFIN@sakilacustomer.org,4.13E+11,1,669 Firozabad Loop,al-Ayn,United Arab Emirates
99,EMILY,DIAZ,EMILY.DIAZ@sakilacustomer.org,3.33E+11,1,588 Vila Velha Manor,Kimchon,South Korea
100,ROBIN,HAYES,ROBIN.HAYES@sakilacustomer.org,9.43E+11,1,1913 Kamakura Place,Jelets,Russian Federation
101,PEGGY,MYERS,PEGGY.MYERS@sakilacustomer.org,1.97E+11,1,733 Mandaluyong Place,Abha,Saudi Arabia
102,CRYSTAL,FORD,CRYSTAL.FORD@sakilacustomer.org,7.10E+11,1,659 Vaduz Drive,Ashdod,Israel
103,GLADYS,HAMILTON,GLADYS.HAMILTON@sakilacustomer.org,4.84E+11,1,1177 Jelets Way,Ilorin,Nigeria
104,RITA,GRAHAM,RITA.GRAHAM@sakilacustomer.org,4.49E+11,1,1386 Yangor Avenue,Toulon,France
105,DAWN,SULLIVAN,DAWN.SULLIVAN@sakilacustomer.org,9.64E+11,1,454 Nakhon Sawan Boulevard,Funafuti,Tuvalu
106,CONNIE,WALLACE,CONNIE.WALLACE@sakilacustomer.org,5.47E+11,1,1867 San Juan Bautista Tuxtepec Avenue,Ivanovo,Russian Federation
107,FLORENCE,WOODS,FLORENCE.WOODS@sakilacustomer.org,3.31E+11,1,1532 Dzerzinsk Way,Merlo,Argentina
108,TRACY,COLE,TRACY.COLE@sakilacustomer.org,3.71E+11,1,1002 Ahmadnagar Manor,Huixquilucan,Mexico
109,EDNA,WEST,EDNA.WEST@sakilacustomer.org,6.22E+11,1,682 Junan Way,Klerksdorp,South Africa
110,TIFFANY,JORDAN,TIFFANY.JORDAN@sakilacustomer.org,3.80E+11,1,804 Elista Drive,Enshi,China
111,CARMEN,OWENS,CARMEN.OWENS@sakilacustomer.org,2.72E+11,1,1378 Alvorada Avenue,Caracas,Venezuela
112,ROSA,REYNOLDS,ROSA.REYNOLDS@sakilacustomer.org,8.24E+11,1,793 Cam Ranh Avenue,Lancaster,United States
113,CINDY,FISHER,CINDY.FISHER@sakilacustomer.org,3.58E+11,1,1079 Tel Aviv-Jaffa Boulevard,Cuman,Venezuela
114,GRACE,ELLIS,GRACE.ELLIS@sakilacustomer.org,8.87E+11,1,442 Rae Bareli Place,Duisburg,Germany
115,WENDY,HARRISON,WENDY.HARRISON@sakilacustomer.org,8.68E+11,1,1107 Nakhon Sawan Avenue,Nezahualcyotl,Mexico
116,VICTORIA,GIBSON,VICTORIA.GIBSON@sakilacustomer.org,3.87E+11,1,544 Malm Parkway,Pemalang,Indonesia
117,EDITH,MCDONALD,EDITH.MCDONALD@sakilacustomer.org,5.78E+11,1,1967 Sincelejo Place,Gandhinagar,India
118,KIM,CRUZ,KIM.CRUZ@sakilacustomer.org,9.09E+11,1,333 Goinia Way,Grand Prairie,United States
119,SHERRY,MARSHALL,SHERRY.MARSHALL@sakilacustomer.org,7.88E+11,1,1987 Coacalco de Berriozbal Loop,Shubra al-Khayma,Egypt
120,SYLVIA,ORTIZ,SYLVIA.ORTIZ@sakilacustomer.org,7.65E+11,1,241 Mosul Lane,Dos Quebradas,Colombia
121,JOSEPHINE,GOMEZ,JOSEPHINE.GOMEZ@sakilacustomer.org,6.66E+11,1,211 Chiayi Drive,Etawah,India
122,THELMA,MURRAY,THELMA.MURRAY@sakilacustomer.org,9.37E+11,1,1175 Tanauan Way,Lima,Peru
123,SHANNON,FREEMAN,SHANNON.FREEMAN@sakilacustomer.org,6.78E+11,1,117 Boa Vista Way,Varanasi (Benares),India
124,SHEILA,WELLS,SHEILA.WELLS@sakilacustomer.org,6.15E+11,0,848 Tafuna Manor,Ktahya,Turkey
125,ETHEL,WEBB,ETHEL.WEBB@sakilacustomer.org,4.90E+11,1,569 Baicheng Lane,Boksburg,South Africa
126,ELLEN,SIMPSON,ELLEN.SIMPSON@sakilacustomer.org,5.83E+11,1,1666 Qomsheh Drive,Po,Brazil
127,ELAINE,STEVENS,ELAINE.STEVENS@sakilacustomer.org,2.37E+11,1,801 Hagonoy Drive,Smolensk,Russian Federation
128,MARJORIE,TUCKER,MARJORIE.TUCKER@sakilacustomer.org,9.73E+11,1,1050 Garden Grove Avenue,Jastrzebie-Zdrj,Poland
129,CARRIE,PORTER,CARRIE.PORTER@sakilacustomer.org,5.09E+11,1,1854 Tieli Street,Liaocheng,China
130,CHARLOTTE,HUNTER,CHARLOTTE.HUNTER@sakilacustomer.org,9.35E+11,1,758 Junan Lane,guas Lindas de Gois,Brazil
131,MONICA,HICKS,MONICA.HICKS@sakilacustomer.org,2.52E+11,1,1752 So Leopoldo Parkway,Mukateve,Ukraine
132,ESTHER,CRAWFORD,ESTHER.CRAWFORD@sakilacustomer.org,7.07E+11,1,898 Belm Manor,Botshabelo,South Africa
133,PAULINE,HENRY,PAULINE.HENRY@sakilacustomer.org,3.22E+11,1,261 Saint Louis Way,Torren,Mexico
134,EMMA,BOYD,EMMA.BOYD@sakilacustomer.org,23712411567,1,765 Southampton Drive,Qalyub,Egypt
135,JUANITA,MASON,JUANITA.MASON@sakilacustomer.org,90921003005,1,943 Johannesburg Avenue,Pune,India
136,ANITA,MORALES,ANITA.MORALES@sakilacustomer.org,1.46E+11,1,788 Atinsk Street,Hubli-Dharwad,India
137,RHONDA,KENNEDY,RHONDA.KENNEDY@sakilacustomer.org,9.63E+11,1,1749 Daxian Place,Apeldoorn,Netherlands
138,HAZEL,WARREN,HAZEL.WARREN@sakilacustomer.org,4.68E+11,1,1587 Sullana Lane,Hohhot,China
139,AMBER,DIXON,AMBER.DIXON@sakilacustomer.org,33173584456,1,1029 Dzerzinsk Manor,Touliu,Taiwan
140,EVA,RAMOS,EVA.RAMOS@sakilacustomer.org,9099941466,1,1666 Beni-Mellal Place,Clarksville,United States
141,DEBBIE,REYES,DEBBIE.REYES@sakilacustomer.org,5.82E+11,1,928 Jaffna Loop,Fukuyama,Japan
142,APRIL,BURNS,APRIL.BURNS@sakilacustomer.org,5.81E+11,1,483 Ljubertsy Parkway,Dundee,United Kingdom
143,LESLIE,GORDON,LESLIE.GORDON@sakilacustomer.org,9.23E+11,1,374 Bat Yam Boulevard,Kilis,Turkey
144,CLARA,SHAW,CLARA.SHAW@sakilacustomer.org,5.64E+11,1,1027 Songkhla Manor,Molodetno,Belarus
145,LUCILLE,HOLMES,LUCILLE.HOLMES@sakilacustomer.org,9.18E+11,1,999 Sanaa Loop,Soshanguve,South Africa
146,JAMIE,RICE,JAMIE.RICE@sakilacustomer.org,2.07E+11,1,879 Newcastle Way,Sterling Heights,United States
147,JOANNE,ROBERTSON,JOANNE.ROBERTSON@sakilacustomer.org,5.98E+11,1,1337 Lincoln Parkway,Urawa,Japan
148,ELEANOR,HUNT,ELEANOR.HUNT@sakilacustomer.org,3.55E+11,1,1952 Pune Lane,Saint-Denis,Runion
149,VALERIE,BLACK,VALERIE.BLACK@sakilacustomer.org,8.86E+11,1,782 Mosul Street,Brockton,United States
150,DANIELLE,DANIELS,DANIELLE.DANIELS@sakilacustomer.org,6.32E+11,1,781 Shimonoseki Drive,Hidalgo,Mexico
151,MEGAN,PALMER,MEGAN.PALMER@sakilacustomer.org,1.89E+11,1,1560 Jelets Boulevard,Laiwu,China
152,ALICIA,MILLS,ALICIA.MILLS@sakilacustomer.org,7.61E+11,1,1963 Moscow Place,Nagaon,India
153,SUZANNE,NICHOLS,SUZANNE.NICHOLS@sakilacustomer.org,7.19E+11,1,456 Escobar Way,Jakarta,Indonesia
154,MICHELE,GRANT,MICHELE.GRANT@sakilacustomer.org,4.99E+11,1,798 Cianjur Avenue,Yuncheng,China
155,GAIL,KNIGHT,GAIL.KNIGHT@sakilacustomer.org,9.04E+11,1,185 Novi Sad Place,Bern,Switzerland
156,BERTHA,FERGUSON,BERTHA.FERGUSON@sakilacustomer.org,8.90E+11,1,1367 Yantai Manor,Ondo,Nigeria
157,DARLENE,ROSE,DARLENE.ROSE@sakilacustomer.org,3.69E+11,1,1386 Nakhon Sawan Boulevard,Pyongyang,North Korea
158,VERONICA,STONE,VERONICA.STONE@sakilacustomer.org,1.70E+11,1,369 Papeete Way,Greensboro,United States
159,JILL,HAWKINS,JILL.HAWKINS@sakilacustomer.org,9.31E+11,1,1440 Compton Place,Linz,Austria
160,ERIN,DUNN,ERIN.DUNN@sakilacustomer.org,1.50E+11,1,1623 Baha Blanca Manor,Ljubertsy,Russian Federation
161,GERALDINE,PERKINS,GERALDINE.PERKINS@sakilacustomer.org,1.77E+11,1,97 Shimoga Avenue,Tel Aviv-Jaffa,Israel
162,LAUREN,HUDSON,LAUREN.HUDSON@sakilacustomer.org,1.68E+11,1,1740 Le Mans Loop,Le Mans,France
163,CATHY,SPENCER,CATHY.SPENCER@sakilacustomer.org,8.19E+11,1,1287 Xiangfan Boulevard,Kakamigahara,Japan
164,JOANN,GARDNER,JOANN.GARDNER@sakilacustomer.org,6.97E+11,1,842 Salzburg Lane,Tarsus,Turkey
165,LORRAINE,STEPHENS,LORRAINE.STEPHENS@sakilacustomer.org,9.36E+11,1,154 Tallahassee Loop,Hami,China
166,LYNN,PAYNE,LYNN.PAYNE@sakilacustomer.org,8.44E+11,1,710 San Felipe del Progreso Avenue,Lilongwe,Malawi
167,SALLY,PIERCE,SALLY.PIERCE@sakilacustomer.org,1.82E+11,1,1540 Wroclaw Drive,Chandrapur,India
168,REGINA,BERRY,REGINA.BERRY@sakilacustomer.org,2.02E+11,1,475 Atinsk Way,Jinchang,China
169,ERICA,MATTHEWS,ERICA.MATTHEWS@sakilacustomer.org,1.62E+11,0,1294 Firozabad Drive,Pingxiang,China
170,BEATRICE,ARNOLD,BEATRICE.ARNOLD@sakilacustomer.org,2.65E+11,1,1877 Ezhou Lane,Udaipur,India
171,DOLORES,WAGNER,DOLORES.WAGNER@sakilacustomer.org,2.76E+11,1,316 Uruapan Street,Ipoh,Malaysia
172,BERNICE,WILLIS,BERNICE.WILLIS@sakilacustomer.org,7.35E+11,1,29 Pyongyang Loop,Batman,Turkey
173,AUDREY,RAY,AUDREY.RAY@sakilacustomer.org,4.93E+11,1,1010 Klerksdorp Way,Graz,Austria
174,YVONNE,WATKINS,YVONNE.WATKINS@sakilacustomer.org,48265851133,1,1848 Salala Boulevard,Ocumare del Tuy,Venezuela
175,ANNETTE,OLSON,ANNETTE.OLSON@sakilacustomer.org,2.30E+11,1,431 Xiangtan Avenue,Allappuzha (Alleppey),India
176,JUNE,CARROLL,JUNE.CARROLL@sakilacustomer.org,5.06E+11,1,757 Rustenburg Avenue,Skikda,Algeria
177,SAMANTHA,DUNCAN,SAMANTHA.DUNCAN@sakilacustomer.org,9.54E+11,1,146 Johannesburg Way,Matamoros,Mexico
178,MARION,SNYDER,MARION.SNYDER@sakilacustomer.org,3.91E+11,1,1891 Rizhao Boulevard,Santa Brbara dOeste,Brazil
179,DANA,HART,DANA.HART@sakilacustomer.org,8.66E+11,1,1089 Iwatsuki Avenue,Kirovo-Tepetsk,Russian Federation
180,STACY,CUNNINGHAM,STACY.CUNNINGHAM@sakilacustomer.org,1.04E+11,1,1410 Benin City Parkway,Pereira,Colombia
181,ANA,BRADLEY,ANA.BRADLEY@sakilacustomer.org,72136330362,1,682 Garden Grove Place,Memphis,United States
182,RENEE,LANE,RENEE.LANE@sakilacustomer.org,6.62E+11,1,533 al-Ayn Boulevard,Compton,United States
183,IDA,ANDREWS,IDA.ANDREWS@sakilacustomer.org,9.47E+11,1,1839 Szkesfehrvr Parkway,Luzinia,Brazil
184,VIVIAN,RUIZ,VIVIAN.RUIZ@sakilacustomer.org,3.03E+11,1,741 Ambattur Manor,s-Hertogenbosch,Netherlands
185,ROBERTA,HARPER,ROBERTA.HARPER@sakilacustomer.org,9.51E+11,1,927 Barcelona Street,Shahr-e Kord,Iran
186,HOLLY,FOX,HOLLY.FOX@sakilacustomer.org,7.60E+11,1,435 0 Way,Haldia,India
187,BRITTANY,RILEY,BRITTANY.RILEY@sakilacustomer.org,8.56E+11,1,140 Chiayi Parkway,Sumy,Ukraine
188,MELANIE,ARMSTRONG,MELANIE.ARMSTRONG@sakilacustomer.org,6.51E+11,1,1166 Changhwa Street,Bayugan,Philippines
189,LORETTA,CARPENTER,LORETTA.CARPENTER@sakilacustomer.org,2.48E+11,1,891 Novi Sad Manor,Oshawa,Canada
190,YOLANDA,WEAVER,YOLANDA.WEAVER@sakilacustomer.org,3.52E+11,1,605 Rio Claro Parkway,Tabora,Tanzania
191,JEANETTE,GREENE,JEANETTE.GREENE@sakilacustomer.org,8.13E+11,1,1077 San Felipe de Puerto Plata Place,Novoterkassk,Russian Federation
192,LAURIE,LAWRENCE,LAURIE.LAWRENCE@sakilacustomer.org,9.56E+11,1,9 San Miguel de Tucumn Manor,Firozabad,India
193,KATIE,ELLIOTT,KATIE.ELLIOTT@sakilacustomer.org,9.41E+11,1,447 Surakarta Loop,Kisumu,Kenya
194,KRISTEN,CHAVEZ,KRISTEN.CHAVEZ@sakilacustomer.org,1.04E+11,1,345 Oshawa Boulevard,Hino,Japan
195,VANESSA,SIMS,VANESSA.SIMS@sakilacustomer.org,4.19E+11,1,1792 Valle de la Pascua Place,Siegen,Germany
196,ALMA,AUSTIN,ALMA.AUSTIN@sakilacustomer.org,3.31E+11,1,1074 Binzhou Manor,Mannheim,Germany
197,SUE,PETERS,SUE.PETERS@sakilacustomer.org,2.64E+11,1,817 Bradford Loop,Changzhou,China
198,ELSIE,KELLEY,ELSIE.KELLEY@sakilacustomer.org,7.68E+11,1,955 Bamenda Way,Ikerre,Nigeria
199,BETH,FRANKLIN,BETH.FRANKLIN@sakilacustomer.org,4.71E+11,1,1149 A Corua (La Corua) Boulevard,Haiphong,Vietnam
200,JEANNE,LAWSON,JEANNE.LAWSON@sakilacustomer.org,7.64E+11,1,387 Mwene-Ditu Drive,Ashgabat,Turkmenistan
201,VICKI,FIELDS,VICKI.FIELDS@sakilacustomer.org,1.47E+11,1,68 Molodetno Manor,Witten,Germany
202,CARLA,GUTIERREZ,CARLA.GUTIERREZ@sakilacustomer.org,3.69E+11,1,642 Nador Drive,Bhusawal,India
203,TARA,RYAN,TARA.RYAN@sakilacustomer.org,6.52E+11,1,1688 Nador Lane,Gorontalo,Indonesia
204,ROSEMARY,SCHMIDT,ROSEMARY.SCHMIDT@sakilacustomer.org,6.46E+11,1,1215 Pyongyang Parkway,Usak,Turkey
205,EILEEN,CARR,EILEEN.CARR@sakilacustomer.org,9.06E+11,1,1679 Antofagasta Street,Ciudad del Este,Paraguay
206,TERRI,VASQUEZ,TERRI.VASQUEZ@sakilacustomer.org,90336226227,1,1304 s-Hertogenbosch Way,Blumenau,Brazil
207,GERTRUDE,CASTILLO,GERTRUDE.CASTILLO@sakilacustomer.org,4.03E+11,1,850 Salala Loop,Nuuk,Greenland
208,LUCY,WHEELER,LUCY.WHEELER@sakilacustomer.org,49677664184,1,624 Oshawa Boulevard,Balurghat,India
209,TONYA,CHAPMAN,TONYA.CHAPMAN@sakilacustomer.org,95666951770,1,43 Dadu Avenue,Bhilwara,India
210,ELLA,OLIVER,ELLA.OLIVER@sakilacustomer.org,7.56E+11,1,751 Lima Loop,Aden,Yemen
211,STACEY,MONTGOMERY,STACEY.MONTGOMERY@sakilacustomer.org,4.08E+11,1,1333 Haldia Street,Fuyu,China
212,WILMA,RICHARDS,WILMA.RICHARDS@sakilacustomer.org,1.69E+11,1,660 Jedda Boulevard,Bellevue,United States
213,GINA,WILLIAMSON,GINA.WILLIAMSON@sakilacustomer.org,5.84E+11,1,1001 Miyakonojo Lane,Taizz,Yemen
214,KRISTIN,JOHNSTON,KRISTIN.JOHNSTON@sakilacustomer.org,7.86E+11,1,226 Brest Manor,Sunnyvale,United States
215,JESSIE,BANKS,JESSIE.BANKS@sakilacustomer.org,3.53E+11,1,1229 Valencia Parkway,Stara Zagora,Bulgaria
216,NATALIE,MEYER,NATALIE.MEYER@sakilacustomer.org,8.73E+11,1,1201 Qomsheh Manor,Aparecida de Goinia,Brazil
217,AGNES,BISHOP,AGNES.BISHOP@sakilacustomer.org,7.79E+11,1,866 Shivapuri Manor,Sambhal,India
218,VERA,MCCOY,VERA.MCCOY@sakilacustomer.org,8.87E+11,1,1168 Najafabad Parkway,Kabul,Afghanistan
219,WILLIE,HOWELL,WILLIE.HOWELL@sakilacustomer.org,9.92E+11,1,1244 Allappuzha (Alleppey) Place,Vicente Lpez,Argentina
220,CHARLENE,ALVAREZ,CHARLENE.ALVAREZ@sakilacustomer.org,7.07E+11,1,1842 Luzinia Boulevard,Zanzibar,Tanzania
221,BESSIE,MORRISON,BESSIE.MORRISON@sakilacustomer.org,4.70E+11,1,1926 Gingoog Street,Syrakusa,Italy
222,DELORES,HANSEN,DELORES.HANSEN@sakilacustomer.org,5.16E+11,1,810 Palghat (Palakkad) Boulevard,Jaroslavl,Russian Federation
223,MELINDA,FERNANDEZ,MELINDA.FERNANDEZ@sakilacustomer.org,99760893676,1,1820 Maring Parkway,Mandi Bahauddin,Pakistan
224,PEARL,GARZA,PEARL.GARZA@sakilacustomer.org,9.63E+11,1,60 Poos de Caldas Street,Jodhpur,India
225,ARLENE,HARVEY,ARLENE.HARVEY@sakilacustomer.org,4.61E+11,1,1014 Loja Manor,Ambattur,India
226,MAUREEN,LITTLE,MAUREEN.LITTLE@sakilacustomer.org,6.84E+11,1,201 Effon-Alaiye Way,Asuncin,Paraguay
227,COLLEEN,BURTON,COLLEEN.BURTON@sakilacustomer.org,6.70E+11,1,430 Alessandria Loop,Saarbrcken,Germany
228,ALLISON,STANLEY,ALLISON.STANLEY@sakilacustomer.org,5.94E+11,1,754 Valencia Place,Phnom Penh,Cambodia
229,TAMARA,NGUYEN,TAMARA.NGUYEN@sakilacustomer.org,22326410776,1,356 Olomouc Manor,Anpolis,Brazil
230,JOY,GEORGE,JOY.GEORGE@sakilacustomer.org,4.79E+11,1,1256 Bislig Boulevard,Botosani,Romania
231,GEORGIA,JACOBS,GEORGIA.JACOBS@sakilacustomer.org,5.41E+11,1,954 Kimchon Place,Uttarpara-Kotrung,India
232,CONSTANCE,REID,CONSTANCE.REID@sakilacustomer.org,5.89E+11,1,885 Yingkou Manor,Zaria,Nigeria
233,LILLIE,KIM,LILLIE.KIM@sakilacustomer.org,4.32E+11,1,1736 Cavite Place,Idfu,Egypt
234,CLAUDIA,FULLER,CLAUDIA.FULLER@sakilacustomer.org,6.30E+11,1,346 Skikda Parkway,Jalib al-Shuyukh,Kuwait
235,JACKIE,LYNCH,JACKIE.LYNCH@sakilacustomer.org,6.10E+11,1,98 Stara Zagora Boulevard,Buenaventura,Colombia
236,MARCIA,DEAN,MARCIA.DEAN@sakilacustomer.org,7.28E+11,1,1479 Rustenburg Boulevard,Tanza,Philippines
237,TANYA,GILBERT,TANYA.GILBERT@sakilacustomer.org,7.93E+11,1,647 A Corua (La Corua) Street,Naju,South Korea
238,NELLIE,GARRETT,NELLIE.GARRETT@sakilacustomer.org,9.18E+11,1,1964 Gijn Manor,Shimoga,India
239,MINNIE,ROMERO,MINNIE.ROMERO@sakilacustomer.org,63937119031,1,47 Syktyvkar Lane,Ciomas,Indonesia
240,MARLENE,WELCH,MARLENE.WELCH@sakilacustomer.org,1.38E+11,1,1148 Saarbrcken Parkway,Iwaki,Japan
241,HEIDI,LARSON,HEIDI.LARSON@sakilacustomer.org,2.80E+11,0,1103 Bilbays Parkway,Xiangfan,China
242,GLENDA,FRAZIER,GLENDA.FRAZIER@sakilacustomer.org,8.90E+11,1,1246 Boksburg Parkway,Qinhuangdao,China
243,LYDIA,BURKE,LYDIA.BURKE@sakilacustomer.org,6.86E+11,1,1483 Pathankot Street,San Miguel de Tucumn,Argentina
244,VIOLA,HANSON,VIOLA.HANSON@sakilacustomer.org,5.70E+11,1,582 Papeete Loop,Lapu-Lapu,Philippines
245,COURTNEY,DAY,COURTNEY.DAY@sakilacustomer.org,8.90E+11,1,300 Junan Street,Uijongbu,South Korea
246,MARIAN,MENDOZA,MARIAN.MENDOZA@sakilacustomer.org,7.41E+11,1,829 Grand Prairie Way,Maring,Brazil
247,STELLA,MORENO,STELLA.MORENO@sakilacustomer.org,2.67E+11,1,1473 Changhwa Parkway,Coacalco de Berriozbal,Mexico
248,CAROLINE,BOWMAN,CAROLINE.BOWMAN@sakilacustomer.org,4.36E+11,1,1309 Weifang Street,Tallahassee,United States
249,DORA,MEDINA,DORA.MEDINA@sakilacustomer.org,56257502250,1,1760 Oshawa Manor,Tianjin,China
250,JO,FOWLER,JO.FOWLER@sakilacustomer.org,7.16E+11,1,786 Stara Zagora Way,Oyo,Nigeria
251,VICKIE,BREWER,VICKIE.BREWER@sakilacustomer.org,5.67E+11,1,1966 Tonghae Street,Halle/Saale,Germany
252,MATTIE,HOFFMAN,MATTIE.HOFFMAN@sakilacustomer.org,2.47E+11,1,1497 Yuzhou Drive,London,United Kingdom
253,TERRY,CARLSON,TERRY.CARLSON@sakilacustomer.org,1.35E+11,1,752 Ondo Loop,Miyakonojo,Japan
254,MAXINE,SILVA,MAXINE.SILVA@sakilacustomer.org,8.41E+11,1,1338 Zalantun Lane,Poos de Caldas,Brazil
255,IRMA,PEARSON,IRMA.PEARSON@sakilacustomer.org,9.87E+11,1,127 Iwakuni Boulevard,Hagonoy,Philippines
256,MABEL,HOLLAND,MABEL.HOLLAND@sakilacustomer.org,8.85E+11,1,51 Laredo Avenue,Monywa,Myanmar
257,MARSHA,DOUGLAS,MARSHA.DOUGLAS@sakilacustomer.org,2.45E+11,1,771 Yaound Manor,Beira,Mozambique
258,MYRTLE,FLEMING,MYRTLE.FLEMING@sakilacustomer.org,46871694740,1,532 Toulon Street,Santiago de los Caballeros,Dominican Republic
259,LENA,JENSEN,LENA.JENSEN@sakilacustomer.org,5.38E+11,1,1027 Banjul Place,Halisahar,India
260,CHRISTY,VARGAS,CHRISTY.VARGAS@sakilacustomer.org,2.77E+11,1,1158 Mandi Bahauddin Parkway,Datong,China
261,DEANNA,BYRD,DEANNA.BYRD@sakilacustomer.org,2.65E+11,1,862 Xintai Lane,Tuguegarao,Philippines
262,PATSY,DAVIDSON,PATSY.DAVIDSON@sakilacustomer.org,2.83E+11,1,816 Cayenne Parkway,Portoviejo,Ecuador
263,HILDA,HOPKINS,HILDA.HOPKINS@sakilacustomer.org,3.23E+11,1,1831 Nam Dinh Loop,Mandaluyong,Philippines
264,GWENDOLYN,MAY,GWENDOLYN.MAY@sakilacustomer.org,3.04E+11,1,446 Kirovo-Tepetsk Lane,Higashiosaka,Japan
265,JENNIE,TERRY,JENNIE.TERRY@sakilacustomer.org,4.76E+11,1,682 Halisahar Place,Olomouc,Czech Republic
266,NORA,HERRERA,NORA.HERRERA@sakilacustomer.org,6.22E+11,1,1587 Loja Manor,Salzburg,Austria
267,MARGIE,WADE,MARGIE.WADE@sakilacustomer.org,1.92E+11,1,1762 Paarl Parkway,Lengshuijiang,China
268,NINA,SOTO,NINA.SOTO@sakilacustomer.org,3.57E+11,1,1519 Ilorin Place,Palghat (Palakkad),India
269,CASSANDRA,WALTERS,CASSANDRA.WALTERS@sakilacustomer.org,6.85E+11,1,920 Kumbakonam Loop,Salinas,United States
270,LEAH,CURTIS,LEAH.CURTIS@sakilacustomer.org,7.02E+11,1,906 Goinia Way,Kalisz,Poland
271,PENNY,NEAL,PENNY.NEAL@sakilacustomer.org,2.71E+11,0,1675 Xiangfan Manor,Kumbakonam,India
272,KAY,CALDWELL,KAY.CALDWELL@sakilacustomer.org,1.71E+11,1,85 San Felipe de Puerto Plata Drive,Yantai,China
273,PRISCILLA,LOWE,PRISCILLA.LOWE@sakilacustomer.org,45387294817,1,144 South Hill Loop,Salamanca,Mexico
274,NAOMI,JENNINGS,NAOMI.JENNINGS@sakilacustomer.org,9.60E+11,1,1884 Shikarpur Avenue,Karnal,India
275,CAROLE,BARNETT,CAROLE.BARNETT@sakilacustomer.org,8.74E+11,1,1980 Kamjanets-Podilskyi Street,Peoria,United States
276,BRANDY,GRAVES,BRANDY.GRAVES@sakilacustomer.org,75975221996,1,1944 Bamenda Way,Warren,United States
277,OLGA,JIMENEZ,OLGA.JIMENEZ@sakilacustomer.org,3.64E+11,1,556 Baybay Manor,Ogbomosho,Nigeria
278,BILLIE,HORTON,BILLIE.HORTON@sakilacustomer.org,8.81E+11,1,457 Tongliao Loop,Inegl,Turkey
279,DIANNE,SHELTON,DIANNE.SHELTON@sakilacustomer.org,1.18E+11,1,600 Bradford Street,Tabriz,Iran
280,TRACEY,BARRETT,TRACEY.BARRETT@sakilacustomer.org,85059738746,1,1006 Santa Brbara dOeste Manor,Owo,Nigeria
281,LEONA,OBRIEN,LEONA.OBRIEN@sakilacustomer.org,5.83E+11,1,1308 Sumy Loop,Fuzhou,China
282,JENNY,CASTRO,JENNY.CASTRO@sakilacustomer.org,62781725285,1,1405 Chisinau Place,Ponce,Puerto Rico
283,FELICIA,SUTTON,FELICIA.SUTTON@sakilacustomer.org,7.91E+11,1,226 Halifax Street,Korla,China
284,SONIA,GREGORY,SONIA.GREGORY@sakilacustomer.org,1.95E+11,1,1279 Udine Parkway,Benin City,Nigeria
285,MIRIAM,MCKINNEY,MIRIAM.MCKINNEY@sakilacustomer.org,3.41E+11,1,1336 Benin City Drive,Otsu,Japan
286,VELMA,LUCAS,VELMA.LUCAS@sakilacustomer.org,5.58E+11,1,1155 Liaocheng Place,Effon-Alaiye,Nigeria
287,BECKY,MILES,BECKY.MILES@sakilacustomer.org,6.48E+11,1,1993 Tabuk Lane,Tambaram,India
288,BOBBIE,CRAIG,BOBBIE.CRAIG@sakilacustomer.org,9.57E+11,1,86 Higashiosaka Lane,Valle de Santiago,Mexico
289,VIOLET,RODRIQUEZ,VIOLET.RODRIQUEZ@sakilacustomer.org,1.72E+11,1,1912 Allende Manor,Kowloon and New Kowloon,Hong Kong
290,KRISTINA,CHAMBERS,KRISTINA.CHAMBERS@sakilacustomer.org,892523334,1,544 Tarsus Boulevard,Valle de la Pascua,Venezuela
291,TONI,HOLT,TONI.HOLT@sakilacustomer.org,9.77E+11,1,1936 Cuman Avenue,Roanoke,United States
292,MISTY,LAMBERT,MISTY.LAMBERT@sakilacustomer.org,3.51E+11,1,1192 Tongliao Street,Sharja,United Arab Emirates
293,MAE,FLETCHER,MAE.FLETCHER@sakilacustomer.org,96604821070,1,44 Najafabad Way,Donostia-San Sebastin,Spain
294,SHELLY,WATTS,SHELLY.WATTS@sakilacustomer.org,9.67E+11,1,32 Pudukkottai Lane,Dayton,United States
295,DAISY,BATES,DAISY.BATES@sakilacustomer.org,8.16E+11,1,661 Chisinau Lane,Kolpino,Russian Federation
296,RAMONA,HALE,RAMONA.HALE@sakilacustomer.org,4.30E+11,1,951 Stara Zagora Manor,Patiala,India
297,SHERRI,RHODES,SHERRI.RHODES@sakilacustomer.org,5.11E+11,1,922 Vila Velha Loop,Ahmadnagar,India
298,ERIKA,PENA,ERIKA.PENA@sakilacustomer.org,1.62E+11,1,898 Jining Lane,Oulu,Finland
299,JAMES,GANNON,JAMES.GANNON@sakilacustomer.org,7.11E+11,1,1635 Kuwana Boulevard,Hiroshima,Japan
300,JOHN,FARNSWORTH,JOHN.FARNSWORTH@sakilacustomer.org,51917807050,1,41 El Alto Parkway,Parbhani,India
301,ROBERT,BAUGHMAN,ROBERT.BAUGHMAN@sakilacustomer.org,96110042435,1,1883 Maikop Lane,Kaliningrad,Russian Federation
302,MICHAEL,SILVERMAN,MICHAEL.SILVERMAN@sakilacustomer.org,1.08E+11,1,1908 Gaziantep Place,Tiefa,China
303,WILLIAM,SATTERFIELD,WILLIAM.SATTERFIELD@sakilacustomer.org,4.07E+11,1,687 Alessandria Parkway,Sanaa,Yemen
304,DAVID,ROYAL,DAVID.ROYAL@sakilacustomer.org,5.04E+11,1,827 Yuncheng Drive,Callao,Peru
305,RICHARD,MCCRARY,RICHARD.MCCRARY@sakilacustomer.org,2.62E+11,1,913 Coacalco de Berriozbal Loop,Arlington,United States
306,CHARLES,KOWALSKI,CHARLES.KOWALSKI@sakilacustomer.org,1.81E+11,1,715 So Bernardo do Campo Lane,Sungai Petani,Malaysia
307,JOSEPH,JOY,JOSEPH.JOY@sakilacustomer.org,5.73E+11,1,1354 Siegen Street,Angra dos Reis,Brazil
308,THOMAS,GRIGSBY,THOMAS.GRIGSBY@sakilacustomer.org,9.83E+11,1,1191 Sungai Petani Boulevard,Kansas City,United States
309,CHRISTOPHER,GRECO,CHRISTOPHER.GRECO@sakilacustomer.org,8.06E+11,1,1224 Huejutla de Reyes Boulevard,Brescia,Italy
310,DANIEL,CABRAL,DANIEL.CABRAL@sakilacustomer.org,1.04E+11,1,543 Bergamo Avenue,Ibirit,Brazil
311,PAUL,TROUT,PAUL.TROUT@sakilacustomer.org,6.88E+11,1,746 Joliet Lane,Kursk,Russian Federation
312,MARK,RINEHART,MARK.RINEHART@sakilacustomer.org,8.24E+11,1,780 Kimberley Way,Tabuk,Saudi Arabia
313,DONALD,MAHON,DONALD.MAHON@sakilacustomer.org,6.13E+11,1,1774 Yaound Place,Ezhou,China
314,GEORGE,LINTON,GEORGE.LINTON@sakilacustomer.org,7.05E+11,1,1957 Yantai Lane,Sorocaba,Brazil
315,KENNETH,GOODEN,KENNETH.GOODEN@sakilacustomer.org,5.09E+11,0,1542 Lubumbashi Boulevard,Bat Yam,Israel
316,STEVEN,CURLEY,STEVEN.CURLEY@sakilacustomer.org,1.39E+11,1,651 Pathankot Loop,Miraj,India
317,EDWARD,BAUGH,EDWARD.BAUGH@sakilacustomer.org,46568045367,1,1359 Zhoushan Parkway,Trshavn,Faroe Islands
318,BRIAN,WYMAN,BRIAN.WYMAN@sakilacustomer.org,5.56E+11,1,1769 Iwaki Lane,Bydgoszcz,Poland
319,RONALD,WEINER,RONALD.WEINER@sakilacustomer.org,6.75E+11,1,1145 Vilnius Manor,San Felipe del Progreso,Mexico
320,ANTHONY,SCHWAB,ANTHONY.SCHWAB@sakilacustomer.org,4.78E+11,1,1892 Nabereznyje Telny Lane,Tafuna,American Samoa
321,KEVIN,SCHULER,KEVIN.SCHULER@sakilacustomer.org,9.08E+11,1,470 Boksburg Street,Birgunj,Nepal
322,JASON,MORRISSEY,JASON.MORRISSEY@sakilacustomer.org,9.73E+11,1,1427 A Corua (La Corua) Place,Baha Blanca,Argentina
323,MATTHEW,MAHAN,MATTHEW.MAHAN@sakilacustomer.org,8.69E+11,1,479 San Felipe del Progreso Avenue,Cuautla,Mexico
324,GARY,COY,GARY.COY@sakilacustomer.org,1.69E+11,1,867 Benin City Avenue,Yuzhou,China
325,TIMOTHY,BUNN,TIMOTHY.BUNN@sakilacustomer.org,8.29E+11,1,981 Kumbakonam Place,Braslia,Brazil
326,JOSE,ANDREW,JOSE.ANDREW@sakilacustomer.org,9.61E+11,1,1016 Iwakuni Street,Kingstown,Saint Vincent and the Grenadines
327,LARRY,THRASHER,LARRY.THRASHER@sakilacustomer.org,8.34E+11,1,663 Baha Blanca Parkway,Adana,Turkey
328,JEFFREY,SPEAR,JEFFREY.SPEAR@sakilacustomer.org,38158430589,1,1860 Taguig Loop,Ciparay,Indonesia
329,FRANK,WAGGONER,FRANK.WAGGONER@sakilacustomer.org,9.65E+11,1,1816 Bydgoszcz Loop,Jamalpur,Bangladesh
330,SCOTT,SHELLEY,SCOTT.SHELLEY@sakilacustomer.org,1.65E+11,1,587 Benguela Manor,Aurora,United States
331,ERIC,ROBERT,ERIC.ROBERT@sakilacustomer.org,1.05E+11,1,430 Kumbakonam Drive,Santa F,Argentina
332,STEPHEN,QUALLS,STEPHEN.QUALLS@sakilacustomer.org,38988715447,1,1838 Tabriz Lane,Dhaka,Bangladesh
333,ANDREW,PURDY,ANDREW.PURDY@sakilacustomer.org,1.20E+11,1,431 Szkesfehrvr Avenue,Baku,Azerbaijan
334,RAYMOND,MCWHORTER,RAYMOND.MCWHORTER@sakilacustomer.org,8.35E+11,1,503 Sogamoso Loop,Sumqayit,Azerbaijan
335,GREGORY,MAULDIN,GREGORY.MAULDIN@sakilacustomer.org,80303246192,1,507 Smolensk Loop,Sousse,Tunisia
336,JOSHUA,MARK,JOSHUA.MARK@sakilacustomer.org,8.70E+11,1,1920 Weifang Avenue,Rampur,India
337,JERRY,JORDON,JERRY.JORDON@sakilacustomer.org,6.48E+11,1,124 al-Manama Way,Onomichi,Japan
338,DENNIS,GILMAN,DENNIS.GILMAN@sakilacustomer.org,2.31E+11,1,1443 Mardan Street,Paarl,South Africa
339,WALTER,PERRYMAN,WALTER.PERRYMAN@sakilacustomer.org,6.24E+11,1,1909 Benguela Lane,Xinxiang,China
340,PATRICK,NEWSOM,PATRICK.NEWSOM@sakilacustomer.org,8.71E+11,1,68 Ponce Parkway,Hanoi,Vietnam
341,PETER,MENARD,PETER.MENARD@sakilacustomer.org,7.19E+11,1,1217 Konotop Avenue,Ede,Netherlands
342,HAROLD,MARTINO,HAROLD.MARTINO@sakilacustomer.org,6.98E+11,1,1293 Nam Dinh Way,Boa Vista,Brazil
343,DOUGLAS,GRAF,DOUGLAS.GRAF@sakilacustomer.org,8.96E+11,1,785 Vaduz Street,Mexicali,Mexico
344,HENRY,BILLINGSLEY,HENRY.BILLINGSLEY@sakilacustomer.org,64536069371,1,1516 Escobar Drive,Nukualofa,Tonga
345,CARL,ARTIS,CARL.ARTIS@sakilacustomer.org,20064292617,1,1628 Nagareyama Lane,San Lorenzo,Paraguay
346,ARTHUR,SIMPKINS,ARTHUR.SIMPKINS@sakilacustomer.org,2.63E+11,1,1157 Nyeri Loop,Maikop,Russian Federation
347,RYAN,SALISBURY,RYAN.SALISBURY@sakilacustomer.org,6.28E+11,1,1673 Tangail Drive,Daugavpils,Latvia
348,ROGER,QUINTANILLA,ROGER.QUINTANILLA@sakilacustomer.org,55477302294,1,381 Kabul Way,Hsichuh,Taiwan
349,JOE,GILLILAND,JOE.GILLILAND@sakilacustomer.org,53912826864,1,953 Hodeida Street,Imus,Philippines
350,JUAN,FRALEY,JUAN.FRALEY@sakilacustomer.org,6.89E+11,1,469 Nakhon Sawan Street,Teboksary,Russian Federation
351,JACK,FOUST,JACK.FOUST@sakilacustomer.org,8.41E+11,1,1378 Beira Loop,Zeleznogorsk,Russian Federation
352,ALBERT,CROUSE,ALBERT.CROUSE@sakilacustomer.org,2.57E+11,1,1641 Changhwa Place,Bamenda,Cameroon
353,JONATHAN,SCARBOROUGH,JONATHAN.SCARBOROUGH@sakilacustomer.org,7.54E+11,1,1698 Southport Loop,Pachuca de Soto,Mexico
354,JUSTIN,NGO,JUSTIN.NGO@sakilacustomer.org,7.65E+11,1,519 Nyeri Manor,Santo Andr,Brazil
355,TERRY,GRISSOM,TERRY.GRISSOM@sakilacustomer.org,1.43E+11,1,619 Hunuco Avenue,Matsue,Japan
356,GERALD,FULTZ,GERALD.FULTZ@sakilacustomer.org,6.50E+11,1,45 Aparecida de Goinia Place,Satna,India
357,KEITH,RICO,KEITH.RICO@sakilacustomer.org,7.39E+11,1,482 Kowloon and New Kowloon Manor,Bratislava,Slovakia
358,SAMUEL,MARLOW,SAMUEL.MARLOW@sakilacustomer.org,6.21E+11,1,604 Bern Place,Ranchi,India
359,WILLIE,MARKHAM,WILLIE.MARKHAM@sakilacustomer.org,2.96E+11,1,1623 Kingstown Drive,Almirante Brown,Argentina
360,RALPH,MADRIGAL,RALPH.MADRIGAL@sakilacustomer.org,1.02E+11,1,1009 Zanzibar Lane,Arecibo,Puerto Rico
361,LAWRENCE,LAWTON,LAWRENCE.LAWTON@sakilacustomer.org,8.45E+11,1,114 Jalib al-Shuyukh Manor,Yaound,Cameroon
362,NICHOLAS,BARFIELD,NICHOLAS.BARFIELD@sakilacustomer.org,6.75E+11,1,1163 London Parkway,Belm,Brazil
363,ROY,WHITING,ROY.WHITING@sakilacustomer.org,5.68E+11,1,1658 Jastrzebie-Zdrj Loop,Nyeri,Kenya
364,BENJAMIN,VARNEY,BENJAMIN.VARNEY@sakilacustomer.org,1.51E+11,1,817 Laredo Avenue,Guadalajara,Mexico
365,BRUCE,SCHWARZ,BRUCE.SCHWARZ@sakilacustomer.org,6.34E+11,1,1565 Tangail Manor,Okinawa,Japan
366,BRANDON,HUEY,BRANDON.HUEY@sakilacustomer.org,99883471275,1,1912 Emeishan Drive,Balikesir,Turkey
367,ADAM,GOOCH,ADAM.GOOCH@sakilacustomer.org,1.67E+11,1,230 Urawa Drive,Adoni,India
368,HARRY,ARCE,HARRY.ARCE@sakilacustomer.org,3.20E+11,0,1922 Miraj Way,Najafabad,Iran
369,FRED,WHEAT,FRED.WHEAT@sakilacustomer.org,5.62E+11,1,433 Florencia Street,Jurez,Mexico
370,WAYNE,TRUONG,WAYNE.TRUONG@sakilacustomer.org,9.61E+11,1,1049 Matamoros Parkway,Gulbarga,India
371,BILLY,POULIN,BILLY.POULIN@sakilacustomer.org,3.33E+11,1,1061 Ede Avenue,Cabuyao,Philippines
372,STEVE,MACKENZIE,STEVE.MACKENZIE@sakilacustomer.org,4.40E+11,1,154 Oshawa Manor,Probolinggo,Indonesia
373,LOUIS,LEONE,LOUIS.LEONE@sakilacustomer.org,45554316010,1,1191 Tandil Drive,Tanauan,Philippines
374,JEREMY,HURTADO,JEREMY.HURTADO@sakilacustomer.org,6.00E+11,1,1133 Rizhao Avenue,Vitria de Santo Anto,Brazil
375,AARON,SELBY,AARON.SELBY@sakilacustomer.org,4.09E+11,1,1519 Santiago de los Caballeros Loop,Mwene-Ditu,"Congo, The Democratic Republic of the"
376,RANDY,GAITHER,RANDY.GAITHER@sakilacustomer.org,96846695220,1,1618 Olomouc Manor,Kurgan,Russian Federation
377,HOWARD,FORTNER,HOWARD.FORTNER@sakilacustomer.org,3.43E+11,1,220 Hidalgo Drive,Kermanshah,Iran
378,EUGENE,CULPEPPER,EUGENE.CULPEPPER@sakilacustomer.org,71857599858,1,686 Donostia-San Sebastin Lane,Shenzhen,China
379,CARLOS,COUGHLIN,CARLOS.COUGHLIN@sakilacustomer.org,9.25E+11,1,97 Mogiljov Lane,Bhavnagar,India
380,RUSSELL,BRINSON,RUSSELL.BRINSON@sakilacustomer.org,8.21E+11,1,1642 Charlotte Amalie Drive,Tychy,Poland
381,BOBBY,BOUDREAU,BOBBY.BOUDREAU@sakilacustomer.org,9.34E+11,1,1368 Maracabo Boulevard,South Hill,Anguilla
382,VICTOR,BARKLEY,VICTOR.BARKLEY@sakilacustomer.org,4.86E+11,1,401 Sucre Boulevard,Manchester,United States
383,MARTIN,BALES,MARTIN.BALES@sakilacustomer.org,1.06E+11,1,368 Hunuco Boulevard,Namibe,Angola
384,ERNEST,STEPP,ERNEST.STEPP@sakilacustomer.org,5.50E+11,1,500 Lincoln Parkway,Huaian,China
385,PHILLIP,HOLM,PHILLIP.HOLM@sakilacustomer.org,7.76E+11,1,102 Chapra Drive,Tama,Japan
386,TODD,TAN,TODD.TAN@sakilacustomer.org,6.20E+11,1,1793 Meixian Place,Kamjanets-Podilskyi,Ukraine
387,JESSE,SCHILLING,JESSE.SCHILLING@sakilacustomer.org,9.00E+11,1,514 Ife Way,Lubumbashi,"Congo, The Democratic Republic of the"
388,CRAIG,MORRELL,CRAIG.MORRELL@sakilacustomer.org,4.26E+11,1,717 Changzhou Lane,Cavite,Philippines
389,ALAN,KAHN,ALAN.KAHN@sakilacustomer.org,4.65E+11,1,753 Ilorin Avenue,Emeishan,China
390,SHAWN,HEATON,SHAWN.HEATON@sakilacustomer.org,1.75E+11,1,1337 Mit Ghamr Avenue,Nakhon Sawan,Thailand
391,CLARENCE,GAMEZ,CLARENCE.GAMEZ@sakilacustomer.org,6.68E+11,1,767 Pyongyang Drive,Izumisano,Japan
392,SEAN,DOUGLASS,SEAN.DOUGLASS@sakilacustomer.org,47808359842,1,614 Pak Kret Street,Addis Abeba,Ethiopia
393,PHILIP,CAUSEY,PHILIP.CAUSEY@sakilacustomer.org,7.37E+11,1,954 Lapu-Lapu Way,Korolev,Russian Federation
394,CHRIS,BROTHERS,CHRIS.BROTHERS@sakilacustomer.org,5.37E+11,1,331 Bydgoszcz Parkway,Gijn,Spain
395,JOHNNY,TURPIN,JOHNNY.TURPIN@sakilacustomer.org,7.66E+11,1,1152 Citrus Heights Manor,al-Qadarif,Sudan
396,EARL,SHANKS,EARL.SHANKS@sakilacustomer.org,6.79E+11,1,168 Cianjur Manor,Iwatsuki,Japan
397,JIMMY,SCHRADER,JIMMY.SCHRADER@sakilacustomer.org,6.04E+11,1,616 Hagonoy Avenue,Atinsk,Russian Federation
398,ANTONIO,MEEK,ANTONIO.MEEK@sakilacustomer.org,8.42E+11,1,1190 0 Place,Bag,Brazil
399,DANNY,ISOM,DANNY.ISOM@sakilacustomer.org,2.81E+11,1,734 Bchar Place,Okara,Pakistan
400,BRYAN,HARDISON,BRYAN.HARDISON@sakilacustomer.org,7.75E+11,1,530 Lausanne Lane,Dallas,United States
401,TONY,CARRANZA,TONY.CARRANZA@sakilacustomer.org,7.95E+11,1,454 Patiala Lane,Koriyama,Japan
402,LUIS,YANEZ,LUIS.YANEZ@sakilacustomer.org,5.17E+11,1,1346 Mysore Drive,Brest,France
403,MIKE,WAY,MIKE.WAY@sakilacustomer.org,2.06E+11,1,990 Etawah Loop,Valparai,India
404,STANLEY,SCROGGINS,STANLEY.SCROGGINS@sakilacustomer.org,1483365694,1,1266 Laredo Parkway,Omiya,Japan
405,LEONARD,SCHOFIELD,LEONARD.SCHOFIELD@sakilacustomer.org,7.79E+11,1,88 Nagaon Manor,Tandil,Argentina
406,NATHAN,RUNYON,NATHAN.RUNYON@sakilacustomer.org,3.03E+11,0,264 Bhimavaram Manor,Charlotte Amalie,"Virgin Islands, U.S."
407,DALE,RATCLIFF,DALE.RATCLIFF@sakilacustomer.org,3.28E+11,1,1639 Saarbrcken Drive,Rustenburg,South Africa
408,MANUEL,MURRELL,MANUEL.MURRELL@sakilacustomer.org,3.59E+11,1,692 Amroha Drive,Jaffna,Sri Lanka
409,RODNEY,MOELLER,RODNEY.MOELLER@sakilacustomer.org,6.53E+11,1,1936 Lapu-Lapu Parkway,Deba Habe,Nigeria
410,CURTIS,IRBY,CURTIS.IRBY@sakilacustomer.org,6.16E+11,1,432 Garden Grove Street,Richmond Hill,Canada
411,NORMAN,CURRIER,NORMAN.CURRIER@sakilacustomer.org,5.99E+11,1,1445 Carmen Parkway,Cianjur,Indonesia
412,ALLEN,BUTTERFIELD,ALLEN.BUTTERFIELD@sakilacustomer.org,1.30E+11,1,791 Salinas Street,Hoshiarpur,India
413,MARVIN,YEE,MARVIN.YEE@sakilacustomer.org,4.80E+11,1,126 Acua Parkway,Berhampore (Baharampur),India
414,VINCENT,RALSTON,VINCENT.RALSTON@sakilacustomer.org,6.81E+11,1,397 Sunnyvale Avenue,Allende,Mexico
415,GLENN,PULLEN,GLENN.PULLEN@sakilacustomer.org,8.55E+11,1,992 Klerksdorp Loop,Amersfoort,Netherlands
416,JEFFERY,PINSON,JEFFERY.PINSON@sakilacustomer.org,15273765306,1,966 Arecibo Loop,Dadu,Pakistan
417,TRAVIS,ESTEP,TRAVIS.ESTEP@sakilacustomer.org,2.15E+11,1,289 Santo Andr Manor,al-Qatif,Saudi Arabia
418,JEFF,EAST,JEFF.EAST@sakilacustomer.org,4.91E+11,1,437 Chungho Drive,San Felipe de Puerto Plata,Dominican Republic
419,CHAD,CARBONE,CHAD.CARBONE@sakilacustomer.org,9.87E+11,1,1948 Bayugan Parkway,Katihar,India
420,JACOB,LANCE,JACOB.LANCE@sakilacustomer.org,5.47E+11,1,1866 al-Qatif Avenue,El Monte,United States
421,LEE,HAWKS,LEE.HAWKS@sakilacustomer.org,2.70E+11,1,1661 Abha Drive,Pudukkottai,India
422,MELVIN,ELLINGTON,MELVIN.ELLINGTON@sakilacustomer.org,3.68E+11,1,1557 Cape Coral Parkway,Laohekou,China
423,ALFRED,CASILLAS,ALFRED.CASILLAS@sakilacustomer.org,1.30E+11,1,1727 Matamoros Place,Sawhaj,Egypt
424,KYLE,SPURLOCK,KYLE.SPURLOCK@sakilacustomer.org,7.37E+11,1,1269 Botosani Manor,Shanwei,China
425,FRANCIS,SIKES,FRANCIS.SIKES@sakilacustomer.org,5.48E+11,1,355 Vitria de Santo Anto Way,San Juan Bautista Tuxtepec,Mexico
426,BRADLEY,MOTLEY,BRADLEY.MOTLEY@sakilacustomer.org,1.57E+11,1,1596 Acua Parkway,Purnea (Purnia),India
427,JESUS,MCCARTNEY,JESUS.MCCARTNEY@sakilacustomer.org,4.19E+11,1,259 Ipoh Drive,Guaruj,Brazil
428,HERBERT,KRUGER,HERBERT.KRUGER@sakilacustomer.org,3.07E+11,1,1823 Hoshiarpur Lane,Syktyvkar,Russian Federation
429,FREDERICK,ISBELL,FREDERICK.ISBELL@sakilacustomer.org,5.72E+11,1,1404 Taguig Drive,Tsuyama,Japan
430,RAY,HOULE,RAY.HOULE@sakilacustomer.org,4.97E+11,1,740 Udaipur Lane,Dzerzinsk,Russian Federation
431,JOEL,FRANCISCO,JOEL.FRANCISCO@sakilacustomer.org,82619513349,1,287 Cuautla Boulevard,Sucre,Bolivia
432,EDWIN,BURK,EDWIN.BURK@sakilacustomer.org,6.18E+11,1,1766 Almirante Brown Street,Newcastle,South Africa
433,DON,BONE,DON.BONE@sakilacustomer.org,3.43E+11,1,596 Huixquilucan Place,Naala-Porto,Mozambique
434,EDDIE,TOMLIN,EDDIE.TOMLIN@sakilacustomer.org,9.60E+11,1,1351 Aparecida de Goinia Parkway,Ozamis,Philippines
435,RICKY,SHELBY,RICKY.SHELBY@sakilacustomer.org,7.46E+11,1,722 Bradford Lane,Junan,China
436,TROY,QUIGLEY,TROY.QUIGLEY@sakilacustomer.org,1.46E+11,1,983 Santa F Way,Vancouver,Canada
437,RANDALL,NEUMANN,RANDALL.NEUMANN@sakilacustomer.org,3.32E+11,1,1245 Ibirit Way,La Romana,Dominican Republic
438,BARRY,LOVELACE,BARRY.LOVELACE@sakilacustomer.org,6.90E+11,1,1836 Korla Parkway,Kitwe,Zambia
439,ALEXANDER,FENNELL,ALEXANDER.FENNELL@sakilacustomer.org,5.75E+11,1,231 Kaliningrad Place,Bergamo,Italy
440,BERNARD,COLBY,BERNARD.COLBY@sakilacustomer.org,82088937724,1,495 Bhimavaram Lane,Dhule (Dhulia),India
441,MARIO,CHEATHAM,MARIO.CHEATHAM@sakilacustomer.org,4.07E+11,1,1924 Shimonoseki Drive,Batna,Algeria
442,LEROY,BUSTAMANTE,LEROY.BUSTAMANTE@sakilacustomer.org,2.41E+11,1,105 Dzerzinsk Manor,Tongliao,China
443,FRANCISCO,SKIDMORE,FRANCISCO.SKIDMORE@sakilacustomer.org,8.76E+11,1,614 Denizli Parkway,So Leopoldo,Brazil
444,MARCUS,HIDALGO,MARCUS.HIDALGO@sakilacustomer.org,2.37E+11,1,1289 Belm Boulevard,Tartu,Estonia
445,MICHEAL,FORMAN,MICHEAL.FORMAN@sakilacustomer.org,4.12E+11,1,203 Tambaram Street,Escobar,Argentina
446,THEODORE,CULP,THEODORE.CULP@sakilacustomer.org,39463554936,0,1704 Tambaram Manor,Uluberia,India
447,CLIFFORD,BOWENS,CLIFFORD.BOWENS@sakilacustomer.org,7.83E+11,1,207 Cuernavaca Loop,Nabereznyje Telny,Russian Federation
448,MIGUEL,BETANCOURT,MIGUEL.BETANCOURT@sakilacustomer.org,72524459905,1,319 Springs Loop,Erlangen,Germany
449,OSCAR,AQUINO,OSCAR.AQUINO@sakilacustomer.org,4.74E+11,1,956 Nam Dinh Manor,Sirjan,Iran
450,JAY,ROBB,JAY.ROBB@sakilacustomer.org,8.34E+11,1,1947 Paarl Way,Surakarta,Indonesia
451,JIM,REA,JIM.REA@sakilacustomer.org,5.25E+11,1,814 Simferopol Loop,El Fuerte,Mexico
452,TOM,MILNER,TOM.MILNER@sakilacustomer.org,9.85E+11,1,535 Ahmadnagar Manor,Abu Dhabi,United Arab Emirates
453,CALVIN,MARTEL,CALVIN.MARTEL@sakilacustomer.org,9.74E+11,1,138 Caracas Boulevard,Maracabo,Venezuela
454,ALEX,GRESHAM,ALEX.GRESHAM@sakilacustomer.org,1.18E+11,1,251 Florencia Drive,Uruapan,Mexico
455,JON,WILES,JON.WILES@sakilacustomer.org,2.06E+11,1,659 Gatineau Boulevard,El Alto,Bolivia
456,RONNIE,RICKETTS,RONNIE.RICKETTS@sakilacustomer.org,6.70E+11,1,1889 Valparai Way,Ziguinchor,Senegal
457,BILL,GAVIN,BILL.GAVIN@sakilacustomer.org,9.25E+11,1,1485 Bratislava Place,Rockford,United States
458,LLOYD,DOWD,LLOYD.DOWD@sakilacustomer.org,3.35E+11,1,935 Aden Boulevard,Tegal,Indonesia
459,TOMMY,COLLAZO,TOMMY.COLLAZO@sakilacustomer.org,7.62E+11,1,76 Kermanshah Manor,Qomsheh,Iran
460,LEON,BOSTIC,LEON.BOSTIC@sakilacustomer.org,3.67E+11,1,734 Tanshui Avenue,Florencia,Colombia
461,DEREK,BLAKELY,DEREK.BLAKELY@sakilacustomer.org,3.26E+11,1,118 Jaffna Loop,Gingoog,Philippines
462,WARREN,SHERROD,WARREN.SHERROD@sakilacustomer.org,2.09E+11,1,1621 Tongliao Avenue,Usolje-Sibirskoje,Russian Federation
463,DARRELL,POWER,DARRELL.POWER@sakilacustomer.org,1.64E+11,1,1844 Usak Avenue,Halifax,Canada
464,JEROME,KENYON,JEROME.KENYON@sakilacustomer.org,9.29E+11,1,1872 Toulon Loop,Rancagua,Chile
465,FLOYD,GANDY,FLOYD.GANDY@sakilacustomer.org,49084281333,1,1088 Ibirit Place,Zapopan,Mexico
466,LEO,EBERT,LEO.EBERT@sakilacustomer.org,2.68E+11,1,1322 Mosul Parkway,Dongying,China
467,ALVIN,DELOACH,ALVIN.DELOACH@sakilacustomer.org,7.69E+11,1,1447 Chatsworth Place,Cuauhtmoc,Mexico
468,TIM,CARY,TIM.CARY@sakilacustomer.org,1.95E+11,1,1257 Guadalajara Street,Bijapur,India
469,WESLEY,BULL,WESLEY.BULL@sakilacustomer.org,6.23E+11,1,1469 Plock Lane,Ourense (Orense),Spain
470,GORDON,ALLARD,GORDON.ALLARD@sakilacustomer.org,5.62E+11,1,434 Ourense (Orense) Manor,Hodeida,Yemen
471,DEAN,SAUER,DEAN.SAUER@sakilacustomer.org,2.48E+11,1,270 Tambaram Parkway,Johannesburg,South Africa
472,GREG,ROBINS,GREG.ROBINS@sakilacustomer.org,2.06E+11,1,1786 Salinas Place,Nam Dinh,Vietnam
473,JORGE,OLIVARES,JORGE.OLIVARES@sakilacustomer.org,9.33E+11,1,1078 Stara Zagora Drive,Lhokseumawe,Indonesia
474,DUSTIN,GILLETTE,DUSTIN.GILLETTE@sakilacustomer.org,1.32E+11,1,1854 Okara Boulevard,Emmen,Netherlands
475,PEDRO,CHESTNUT,PEDRO.CHESTNUT@sakilacustomer.org,7.27E+11,1,421 Yaound Street,ostka,Ukraine
476,DERRICK,BOURQUE,DERRICK.BOURQUE@sakilacustomer.org,8.57E+11,1,1153 Allende Way,Gatineau,Canada
477,DAN,PAINE,DAN.PAINE@sakilacustomer.org,5.53E+11,1,808 Naala-Porto Parkway,Stockport,United Kingdom
478,LEWIS,LYMAN,LEWIS.LYMAN@sakilacustomer.org,6.68E+11,1,632 Usolje-Sibirskoje Parkway,Ashqelon,Israel
479,ZACHARY,HITE,ZACHARY.HITE@sakilacustomer.org,1.92E+11,1,98 Pyongyang Boulevard,Akron,United States
480,COREY,HAUSER,COREY.HAUSER@sakilacustomer.org,4.35E+11,1,984 Novoterkassk Loop,Gaziantep,Turkey
481,HERMAN,DEVORE,HERMAN.DEVORE@sakilacustomer.org,5.10E+11,1,64 Korla Street,Mwanza,Tanzania
482,MAURICE,CRAWLEY,MAURICE.CRAWLEY@sakilacustomer.org,6.85E+11,0,1785 So Bernardo do Campo Street,Coatzacoalcos,Mexico
483,VERNON,CHAPA,VERNON.CHAPA@sakilacustomer.org,9.75E+11,1,698 Jelets Boulevard,Denizli,Turkey
484,ROBERTO,VU,ROBERTO.VU@sakilacustomer.org,5.08E+11,1,1297 Alvorada Parkway,Yinchuan,China
485,CLYDE,TOBIAS,CLYDE.TOBIAS@sakilacustomer.org,7.03E+11,1,1909 Dayton Avenue,Shaoguan,China
486,GLEN,TALBERT,GLEN.TALBERT@sakilacustomer.org,9.37E+11,1,1789 Saint-Denis Parkway,Acua,Mexico
487,HECTOR,POINDEXTER,HECTOR.POINDEXTER@sakilacustomer.org,5.89E+11,1,185 Mannheim Lane,Pjatigorsk,Russian Federation
488,SHANE,MILLARD,SHANE.MILLARD@sakilacustomer.org,4.88E+11,1,184 Mandaluyong Street,La Paz,Mexico
489,RICARDO,MEADOR,RICARDO.MEADOR@sakilacustomer.org,37247325001,1,591 Sungai Petani Drive,Okayama,Japan
490,SAM,MCDUFFIE,SAM.MCDUFFIE@sakilacustomer.org,17305839123,1,656 Matamoros Drive,Sogamoso,Colombia
491,RICK,MATTOX,RICK.MATTOX@sakilacustomer.org,1.72E+11,1,775 ostka Drive,Mit Ghamr,Egypt
492,LESTER,KRAUS,LESTER.KRAUS@sakilacustomer.org,1.58E+11,1,1013 Tabuk Boulevard,Kanchrapara,India
493,BRENT,HARKINS,BRENT.HARKINS@sakilacustomer.org,8.54E+11,1,319 Plock Parkway,Sultanbeyli,Turkey
494,RAMON,CHOATE,RAMON.CHOATE@sakilacustomer.org,8.99E+11,1,1954 Kowloon and New Kowloon Way,Robamba,Ecuador
495,CHARLIE,BESS,CHARLIE.BESS@sakilacustomer.org,9.62E+11,1,362 Rajkot Lane,Baiyin,China
496,TYLER,WREN,TYLER.WREN@sakilacustomer.org,2.11E+11,1,1060 Tandil Lane,Rizhao,China
497,GILBERT,SLEDGE,GILBERT.SLEDGE@sakilacustomer.org,9.59E+11,1,1515 Korla Way,York,United Kingdom
498,GENE,SANBORN,GENE.SANBORN@sakilacustomer.org,1.44E+11,1,1416 San Juan Bautista Tuxtepec Avenue,Salala,Oman
499,MARC,OUTLAW,MARC.OUTLAW@sakilacustomer.org,4.66E+11,1,1 Valle de Santiago Avenue,Brindisi,Italy
500,REGINALD,KINDER,REGINALD.KINDER@sakilacustomer.org,7.94E+11,1,519 Brescia Parkway,Madiun,Indonesia
501,RUBEN,GEARY,RUBEN.GEARY@sakilacustomer.org,52709222667,1,414 Mandaluyong Street,Lublin,Poland
502,BRETT,CORNWELL,BRETT.CORNWELL@sakilacustomer.org,8.69E+11,1,1197 Sokoto Boulevard,Siliguri (Shiliguri),India
503,ANGEL,BARCLAY,ANGEL.BARCLAY@sakilacustomer.org,7.60E+11,1,496 Celaya Drive,Ueda,Japan
504,NATHANIEL,ADAM,NATHANIEL.ADAM@sakilacustomer.org,1.11E+11,1,786 Matsue Way,Joliet,United States
505,RAFAEL,ABNEY,RAFAEL.ABNEY@sakilacustomer.org,82671830126,1,48 Maracabo Place,Talavera,Philippines
506,LESLIE,SEWARD,LESLIE.SEWARD@sakilacustomer.org,1.31E+11,1,1152 al-Qatif Lane,Pontianak,Indonesia
507,EDGAR,RHOADS,EDGAR.RHOADS@sakilacustomer.org,4.03E+11,1,1269 Ipoh Avenue,Eskisehir,Turkey
508,MILTON,HOWLAND,MILTON.HOWLAND@sakilacustomer.org,4.42E+11,1,758 Korolev Parkway,Vijayawada,India
509,RAUL,FORTIER,RAUL.FORTIER@sakilacustomer.org,4.43E+11,1,1747 Rustenburg Place,Chapra,India
510,BEN,EASTER,BEN.EASTER@sakilacustomer.org,7.12E+11,0,886 Tonghae Place,Kamyin,Russian Federation
511,CHESTER,BENNER,CHESTER.BENNER@sakilacustomer.org,59634255214,1,1574 Goinia Boulevard,Suihua,China
512,CECIL,VINES,CECIL.VINES@sakilacustomer.org,8.79E+11,1,548 Uruapan Street,London,United Kingdom
513,DUANE,TUBBS,DUANE.TUBBS@sakilacustomer.org,2.83E+11,1,962 Tama Loop,Yangor,Nauru
514,FRANKLIN,TROUTMAN,FRANKLIN.TROUTMAN@sakilacustomer.org,2.89E+11,1,1778 Gijn Manor,Zaoyang,China
515,ANDRE,RAPP,ANDRE.RAPP@sakilacustomer.org,6.02E+11,1,568 Dhule (Dhulia) Loop,Coquimbo,Chile
516,ELMER,NOE,ELMER.NOE@sakilacustomer.org,4.49E+11,1,1768 Udine Loop,Battambang,Cambodia
517,BRAD,MCCURDY,BRAD.MCCURDY@sakilacustomer.org,6.27E+11,1,608 Birgunj Parkway,Chungho,Taiwan
518,GABRIEL,HARDER,GABRIEL.HARDER@sakilacustomer.org,1.58E+11,1,680 A Corua (La Corua) Manor,Sivas,Turkey
519,RON,DELUCA,RON.DELUCA@sakilacustomer.org,1.32E+11,1,1949 Sanya Street,Isesaki,Japan
520,MITCHELL,WESTMORELAND,MITCHELL.WESTMORELAND@sakilacustomer.org,5.75E+11,1,617 Klerksdorp Place,Nha Trang,Vietnam
521,ROLAND,SOUTH,ROLAND.SOUTH@sakilacustomer.org,25865528181,1,1993 0 Loop,Yingkou,China
522,ARNOLD,HAVENS,ARNOLD.HAVENS@sakilacustomer.org,2.37E+11,1,1176 Southend-on-Sea Manor,Santa Rosa,Philippines
523,HARVEY,GUAJARDO,HARVEY.GUAJARDO@sakilacustomer.org,6.38E+11,1,600 Purnea (Purnia) Avenue,Vinh,Vietnam
524,JARED,ELY,JARED.ELY@sakilacustomer.org,35533115997,1,1003 Qinhuangdao Street,Purwakarta,Indonesia
525,ADRIAN,CLARY,ADRIAN.CLARY@sakilacustomer.org,1.82E+11,1,1986 Sivas Place,Udine,Italy
526,KARL,SEAL,KARL.SEAL@sakilacustomer.org,2.15E+11,1,1427 Tabuk Place,Cape Coral,United States
527,CORY,MEEHAN,CORY.MEEHAN@sakilacustomer.org,3.38E+11,1,556 Asuncin Way,Mogiljov,Belarus
528,CLAUDE,HERZOG,CLAUDE.HERZOG@sakilacustomer.org,1.06E+11,1,486 Ondo Parkway,Benguela,Angola
529,ERIK,GUILLEN,ERIK.GUILLEN@sakilacustomer.org,80593242951,1,635 Brest Manor,Bhimavaram,India
530,DARRYL,ASHCRAFT,DARRYL.ASHCRAFT@sakilacustomer.org,7.18E+11,1,166 Jinchang Street,Ezeiza,Argentina
531,JAMIE,WAUGH,JAMIE.WAUGH@sakilacustomer.org,4.27E+11,1,958 Sagamihara Lane,Kuwana,Japan
532,NEIL,RENNER,NEIL.RENNER@sakilacustomer.org,4.78E+11,1,1817 Livorno Way,Cam Ranh,Vietnam
533,JESSIE,MILAM,JESSIE.MILAM@sakilacustomer.org,3.83E+11,1,1332 Gaziantep Lane,Binzhou,China
534,CHRISTIAN,JUNG,CHRISTIAN.JUNG@sakilacustomer.org,1.23E+11,0,949 Allende Lane,Amroha,India
535,JAVIER,ELROD,JAVIER.ELROD@sakilacustomer.org,8912935608,1,195 Ilorin Street,NDjamna,Chad
536,FERNANDO,CHURCHILL,FERNANDO.CHURCHILL@sakilacustomer.org,7.45E+11,1,193 Bhusawal Place,Tonghae,South Korea
537,CLINTON,BUFORD,CLINTON.BUFORD@sakilacustomer.org,4.85E+11,1,43 Vilnius Manor,Aurora,United States
538,TED,BREAUX,TED.BREAUX@sakilacustomer.org,4.89E+11,1,183 Haiphong Street,Baicheng,China
539,MATHEW,BOLIN,MATHEW.BOLIN@sakilacustomer.org,7.55E+11,1,163 Augusta-Richmond County Loop,Valencia,Venezuela
540,TYRONE,ASHER,TYRONE.ASHER@sakilacustomer.org,9.32E+11,1,191 Jos Azueta Parkway,Ruse,Bulgaria
541,DARREN,WINDHAM,DARREN.WINDHAM@sakilacustomer.org,9.22E+11,1,379 Lublin Parkway,Livorno,Italy
542,LONNIE,TIRADO,LONNIE.TIRADO@sakilacustomer.org,7.85E+11,1,1658 Cuman Loop,Pangkal Pinang,Indonesia
543,LANCE,PEMBERTON,LANCE.PEMBERTON@sakilacustomer.org,7.86E+11,1,454 Qinhuangdao Drive,Beni-Mellal,Morocco
544,CODY,NOLEN,CODY.NOLEN@sakilacustomer.org,1.69E+11,1,1715 Okayama Street,So Bernardo do Campo,Brazil
545,JULIO,NOLAND,JULIO.NOLAND@sakilacustomer.org,4.26E+11,1,182 Nukualofa Drive,Konotop,Ukraine
546,KELLY,KNOTT,KELLY.KNOTT@sakilacustomer.org,3.58E+11,1,390 Wroclaw Way,Sanya,China
547,KURT,EMMONS,KURT.EMMONS@sakilacustomer.org,1.35E+11,1,1421 Quilmes Lane,Kanazawa,Japan
548,ALLAN,CORNISH,ALLAN.CORNISH@sakilacustomer.org,50898428626,1,947 Trshavn Place,Tarlac,Philippines
549,NELSON,CHRISTENSON,NELSON.CHRISTENSON@sakilacustomer.org,84794532510,1,1764 Jalib al-Shuyukh Parkway,Santiago de Compostela,Spain
550,GUY,BROWNLEE,GUY.BROWNLEE@sakilacustomer.org,9.78E+11,1,346 Cam Ranh Avenue,Zhoushan,China
551,CLAYTON,BARBEE,CLAYTON.BARBEE@sakilacustomer.org,3.80E+11,1,1407 Pachuca de Soto Place,Alvorada,Brazil
552,HUGH,WALDROP,HUGH.WALDROP@sakilacustomer.org,9.55E+11,1,904 Clarksville Drive,Haining,China
553,MAX,PITT,MAX.PITT@sakilacustomer.org,6.98E+11,1,1917 Kumbakonam Parkway,Novi Sad,Yugoslavia
554,DWAYNE,OLVERA,DWAYNE.OLVERA@sakilacustomer.org,62127829280,1,1447 Imus Place,Rajkot,India
555,DWIGHT,LOMBARDI,DWIGHT.LOMBARDI@sakilacustomer.org,3.69E+11,1,1497 Fengshan Drive,Chatsworth,South Africa
556,ARMANDO,GRUBER,ARMANDO.GRUBER@sakilacustomer.org,5.91E+11,1,869 Shikarpur Way,Southport,United Kingdom
557,FELIX,GAFFNEY,FELIX.GAFFNEY@sakilacustomer.org,1.07E+11,1,1059 Yuncheng Avenue,Vilnius,Lithuania
558,JIMMIE,EGGLESTON,JIMMIE.EGGLESTON@sakilacustomer.org,9.71E+11,0,505 Madiun Boulevard,Wroclaw,Poland
559,EVERETT,BANDA,EVERETT.BANDA@sakilacustomer.org,8.55E+11,1,1741 Hoshiarpur Boulevard,Bilbays,Egypt
560,JORDAN,ARCHULETA,JORDAN.ARCHULETA@sakilacustomer.org,8.18E+11,1,1229 Varanasi (Benares) Manor,Avellaneda,Argentina
561,IAN,STILL,IAN.STILL@sakilacustomer.org,2.39E+11,1,1894 Boa Vista Way,Garland,United States
562,WALLACE,SLONE,WALLACE.SLONE@sakilacustomer.org,9.46E+11,1,1342 Sharja Way,Sokoto,Nigeria
563,KEN,PREWITT,KEN.PREWITT@sakilacustomer.org,9.97E+11,1,1342 Abha Boulevard,Bucuresti,Romania
564,BOB,PFEIFFER,BOB.PFEIFFER@sakilacustomer.org,2.03E+11,1,415 Pune Avenue,Xintai,China
565,JAIME,NETTLES,JAIME.NETTLES@sakilacustomer.org,8.63E+11,1,1746 Faaa Way,Hunuco,Peru
566,CASEY,MENA,CASEY.MENA@sakilacustomer.org,5.26E+11,1,539 Hami Way,Tokat,Turkey
567,ALFREDO,MCADAMS,ALFREDO.MCADAMS@sakilacustomer.org,3.24E+11,1,1407 Surakarta Manor,Serpuhov,Russian Federation
568,ALBERTO,HENNING,ALBERTO.HENNING@sakilacustomer.org,6.18E+11,1,502 Mandi Bahauddin Parkway,Barcelona,Venezuela
569,DAVE,GARDINER,DAVE.GARDINER@sakilacustomer.org,1.28E+11,1,1052 Pathankot Avenue,Leshan,China
570,IVAN,CROMWELL,IVAN.CROMWELL@sakilacustomer.org,2.04E+11,1,1351 Sousse Lane,Monclova,Mexico
571,JOHNNIE,CHISHOLM,JOHNNIE.CHISHOLM@sakilacustomer.org,7.71E+11,1,1501 Pangkal Pinang Avenue,Plock,Poland
572,SIDNEY,BURLESON,SIDNEY.BURLESON@sakilacustomer.org,8.67E+11,1,1405 Hagonoy Avenue,Czestochowa,Poland
573,BYRON,BOX,BYRON.BOX@sakilacustomer.org,8.44E+11,1,521 San Juan Bautista Tuxtepec Place,Zhezqazghan,Kazakstan
574,JULIAN,VEST,JULIAN.VEST@sakilacustomer.org,3.16E+11,1,923 Tangail Boulevard,Akishima,Japan
575,ISAAC,OGLESBY,ISAAC.OGLESBY@sakilacustomer.org,14465669789,1,186 Skikda Lane,Cuernavaca,Mexico
576,MORRIS,MCCARTER,MORRIS.MCCARTER@sakilacustomer.org,2.79E+11,1,1568 Celaya Parkway,Fengshan,Taiwan
577,CLIFTON,MALCOLM,CLIFTON.MALCOLM@sakilacustomer.org,29341849811,1,1489 Kakamigahara Lane,Tanshui,Taiwan
578,WILLARD,LUMPKIN,WILLARD.LUMPKIN@sakilacustomer.org,3.78E+11,1,1819 Alessandria Loop,Carmen,Mexico
579,DARYL,LARUE,DARYL.LARUE@sakilacustomer.org,9.55E+11,1,1208 Tama Loop,Mosul,Iraq
580,ROSS,GREY,ROSS.GREY@sakilacustomer.org,1.65E+11,1,951 Springs Lane,Iligan,Philippines
581,VIRGIL,WOFFORD,VIRGIL.WOFFORD@sakilacustomer.org,2.94E+11,1,760 Miyakonojo Drive,Jos Azueta,Mexico
582,ANDY,VANHORN,ANDY.VANHORN@sakilacustomer.org,9.96E+11,1,966 Asuncin Way,Huejutla de Reyes,Mexico
583,MARSHALL,THORN,MARSHALL.THORN@sakilacustomer.org,2.86E+11,1,1584 Ljubertsy Lane,Southampton,United Kingdom
584,SALVADOR,TEEL,SALVADOR.TEEL@sakilacustomer.org,1.70E+11,1,247 Jining Parkway,Banjul,Gambia
585,PERRY,SWAFFORD,PERRY.SWAFFORD@sakilacustomer.org,9.14E+11,1,773 Dallas Manor,Quilmes,Argentina
586,KIRK,STCLAIR,KIRK.STCLAIR@sakilacustomer.org,1.82E+11,1,1923 Stara Zagora Lane,Tsaotun,Taiwan
587,SERGIO,STANFIELD,SERGIO.STANFIELD@sakilacustomer.org,3.87E+11,1,1402 Zanzibar Boulevard,Celaya,Mexico
588,MARION,OCAMPO,MARION.OCAMPO@sakilacustomer.org,3.39E+11,1,1464 Kursk Parkway,Weifang,China
589,TRACY,HERRMANN,TRACY.HERRMANN@sakilacustomer.org,1.54E+11,1,1074 Sanaa Parkway,Loja,Ecuador
590,SETH,HANNON,SETH.HANNON@sakilacustomer.org,8.64E+11,1,1759 Niznekamsk Avenue,al-Manama,Bahrain
591,KENT,ARSENAULT,KENT.ARSENAULT@sakilacustomer.org,4.11E+11,1,32 Liaocheng Way,Juiz de Fora,Brazil
592,TERRANCE,ROUSH,TERRANCE.ROUSH@sakilacustomer.org,4.38E+11,0,42 Fontana Avenue,Szkesfehrvr,Hungary
593,RENE,MCALISTER,RENE.MCALISTER@sakilacustomer.org,1.38E+11,1,1895 Zhezqazghan Drive,Garden Grove,United States
594,EDUARDO,HIATT,EDUARDO.HIATT@sakilacustomer.org,6.41E+11,1,1837 Kaduna Parkway,Jining,China
595,TERRENCE,GUNDERSON,TERRENCE.GUNDERSON@sakilacustomer.org,9.36E+11,1,844 Bucuresti Place,Jinzhou,China
596,ENRIQUE,FORSYTHE,ENRIQUE.FORSYTHE@sakilacustomer.org,2.00E+11,1,1101 Bucuresti Boulevard,Patras,Greece
597,FREDDIE,DUGGAN,FREDDIE.DUGGAN@sakilacustomer.org,6.44E+11,1,1103 Quilmes Boulevard,Sullana,Peru
598,WADE,DELVALLE,WADE.DELVALLE@sakilacustomer.org,1.45E+11,1,1331 Usak Boulevard,Lausanne,Switzerland
599,AUSTIN,CINTRON,AUSTIN.CINTRON@sakilacustomer.org,2.88E+11,1,1325 Fukuyama Street,Tieli,China